"Time (s)","wx (rad/s)","wy (rad/s)","wz (rad/s)","wt (rad/s)"
2.547345823E-2,-1.306587309E-1,-8.809391409E-2,-1.984172128E-2,1.588267470E-1
3.554849979E-2,-2.103980333E-1,-1.034497023E-1,-1.149537414E-2,2.347366970E-1
4.562249989E-2,-2.577132583E-1,-8.535124362E-2,9.450598620E-3,2.716436491E-1
5.569650000E-2,-2.554634213E-1,-6.859356910E-2,3.957920521E-2,2.674568205E-1
6.577049987E-2,-2.069301605E-1,-4.885920137E-2,6.258080900E-2,2.216386035E-1
7.584449998E-2,-1.403277069E-1,-3.180298582E-2,8.285145462E-2,1.660351131E-1
8.591849986E-2,-7.673713565E-2,-2.692423016E-2,9.292931855E-2,1.234883007E-1
9.599249996E-2,-2.741565928E-2,-3.232485428E-2,9.241799265E-2,1.016739885E-1
1.060664998E-1,8.077118546E-3,-2.830469422E-2,8.663555235E-2,9.149925950E-2
1.161404999E-1,2.656345069E-2,-3.242300823E-2,7.361562550E-2,8.471203394E-2
1.262144998E-1,7.775080390E-3,-4.835613072E-2,5.140308291E-2,7.100031117E-2
1.362884999E-1,-2.111382596E-2,-6.380326301E-2,2.404709160E-2,7.137865670E-2
1.463624998E-1,-4.177786037E-2,-6.253262609E-2,1.289944723E-2,7.630278293E-2
1.564364999E-1,-5.538102239E-2,-4.529931396E-2,1.537512150E-2,7.318114407E-2
1.665104998E-1,-5.737611279E-2,-2.742086910E-2,1.217546128E-2,6.474692455E-2
1.765844999E-1,-5.715853348E-2,-1.393435523E-2,1.325084642E-2,6.030629433E-2
1.866585000E-1,-5.248295888E-2,-4.797582980E-3,1.483533066E-2,5.475002111E-2
1.967324999E-1,-3.199685737E-2,5.528824404E-3,2.591567859E-2,4.154502591E-2
2.068065000E-1,-1.102259196E-2,2.701254748E-2,4.325598106E-2,5.217523505E-2
2.168804999E-1,9.697332978E-3,4.338059947E-2,6.079662591E-2,7.531364020E-2
2.269545000E-1,2.208951116E-2,5.740111694E-2,7.728014886E-2,9.876768772E-2
2.370284998E-1,3.606311977E-2,4.368743673E-2,9.292621911E-2,1.088320860E-1
2.471024999E-1,5.028516054E-2,1.005654223E-2,8.833794296E-2,1.021436419E-1
2.571764998E-1,5.791032314E-2,-2.260126919E-2,7.977694273E-2,1.011374485E-1
2.672504999E-1,5.321653932E-2,-5.579334870E-2,6.480617076E-2,1.007210881E-1
2.773244998E-1,2.825659327E-2,-7.608503848E-2,3.773194179E-2,8.950456734E-2
2.873984999E-1,-1.620318741E-2,-8.109121025E-2,2.328534424E-2,8.591003968E-2
2.974724998E-1,-6.649911404E-2,-7.498777658E-2,2.497085929E-2,1.032900896E-1
3.075464999E-1,-1.046426892E-1,-6.599568576E-2,4.494406283E-2,1.316263337E-1
3.176205000E-1,-1.489110887E-1,-6.853394955E-2,6.235127896E-2,1.753827146E-1
3.276944999E-1,-1.790443361E-1,-7.435817271E-2,9.034861624E-2,2.138898889E-1
3.377685000E-1,-1.807458401E-1,-1.014856622E-1,1.272517741E-1,2.432311911E-1
3.478424998E-1,-1.847302169E-1,-1.415897906E-1,1.495092660E-1,2.766332273E-1
3.579165000E-1,-1.969626397E-1,-1.608793288E-1,1.525226235E-1,2.965461019E-1
3.679904998E-1,-2.064871937E-1,-1.532473415E-1,1.578418016E-1,3.017213005E-1
3.780644999E-1,-1.942955106E-1,-1.310917139E-1,1.547386795E-1,2.808555534E-1
3.881384998E-1,-1.746321619E-1,-1.050480157E-1,1.403914839E-1,2.474696877E-1
3.982124999E-1,-1.715386361E-1,-7.982548326E-2,1.258572936E-1,2.272392347E-1
4.082854998E-1,-1.737854481E-1,-3.878001124E-2,1.126069799E-1,2.106789101E-1
4.183594999E-1,-1.570525467E-1,-4.302462563E-3,1.153641567E-1,1.949176807E-1
4.284335000E-1,-1.250019521E-1,-2.112177014E-2,1.228937507E-1,1.765629948E-1
4.385074999E-1,-9.737378359E-2,-1.137859561E-2,1.247907132E-1,1.586941973E-1
4.485815000E-1,-8.682717383E-2,3.407048061E-3,1.232538894E-1,1.508047988E-1
4.586554999E-1,-1.050274819E-1,2.018496394E-2,1.102675200E-1,1.536135758E-1
4.687295000E-1,-2.048859894E-1,1.229776144E-1,1.565560102E-1,2.856773471E-1
4.788034998E-1,-2.631565034E-1,1.653892547E-1,1.691415757E-1,3.538556535E-1
4.888774999E-1,-2.842175961E-1,2.251811028E-1,1.534124613E-1,3.937277666E-1
4.989514998E-1,-3.353920877E-1,2.940885127E-1,1.786568314E-1,4.805144838E-1
5.090254999E-1,-3.765465319E-1,3.266461194E-1,1.706833243E-1,5.268944631E-1
5.190994998E-1,-3.341609836E-1,2.463765740E-1,9.528577328E-2,4.259628596E-1
5.291734999E-1,-2.917846143E-1,1.527744532E-1,4.933382198E-2,3.330347139E-1
5.392474998E-1,-2.517469227E-1,1.205534115E-1,6.731175631E-2,2.871245560E-1
5.493214999E-1,-1.807368249E-1,1.391805261E-1,9.019111097E-2,2.452987061E-1
5.593955000E-1,-1.416370869E-1,1.903118789E-1,1.088449582E-1,2.610113035E-1
5.694694999E-1,-1.459525079E-1,2.351962924E-1,1.025858819E-1,2.952004297E-1
5.795435000E-1,-1.483301818E-1,2.770196497E-1,9.145227075E-2,3.272693799E-1
5.896174998E-1,-1.458013505E-1,2.074356228E-1,6.666735560E-2,2.621680906E-1
5.996915000E-1,-1.496693343E-1,1.518868804E-1,5.782246590E-2,2.209388414E-1
6.097654998E-1,-1.162671372E-1,1.805861145E-1,4.932237044E-2,2.203680743E-1
6.198394999E-1,-3.769455850E-2,2.590420544E-1,4.495851696E-2,2.656029630E-1
6.299134998E-1,3.280266374E-2,3.656711578E-1,7.187700272E-2,3.741092273E-1
6.399874999E-1,8.656469733E-2,4.032739103E-1,1.304305941E-1,4.325915318E-1
6.500614998E-1,1.986734867E-1,3.471680880E-1,1.123130992E-1,4.154648816E-1
6.601354999E-1,2.478647381E-1,4.736282825E-1,1.400896013E-1,5.526172046E-1
6.702094998E-1,2.650188804E-1,6.966022253E-1,2.112041861E-1,7.746591996E-1
6.802834999E-1,2.498138100E-1,9.254164696E-1,3.045783341E-1,1.005768633E0
6.903575000E-1,2.400464267E-1,1.035290480E0,3.407483399E-1,1.116045741E0
7.004314999E-1,2.426842898E-1,1.005005836E0,3.071365654E-1,1.078547758E0
7.105055000E-1,2.504053414E-1,8.430652022E-1,2.323623449E-1,9.096450019E-1
7.205794998E-1,2.346389145E-1,5.935046673E-1,1.637798250E-1,6.588831773E-1
7.306535000E-1,1.625760049E-1,4.197519124E-1,1.152709648E-1,4.646611891E-1
7.407274998E-1,7.429434359E-2,3.520096242E-1,1.171548888E-1,3.783592116E-1
7.508014999E-1,-1.807294041E-2,3.395820558E-1,1.213302985E-1,3.610590604E-1
7.608754998E-1,-9.295437485E-2,4.314288795E-1,1.880272925E-1,4.797141405E-1
7.709494999E-1,-1.245077774E-1,5.138068199E-1,2.637750506E-1,5.908273116E-1
7.810234998E-1,-1.266255081E-1,4.695834816E-1,3.070167899E-1,5.751538705E-1
7.910974999E-1,-9.783718735E-2,5.821387768E-1,3.112499416E-1,6.673336473E-1
8.011715000E-1,-4.284983501E-2,7.846037745E-1,3.343659341E-1,8.539553673E-1
8.112454999E-1,-3.915871494E-4,8.889384270E-1,4.008103907E-1,9.751208385E-1
8.213195000E-1,2.194088325E-2,9.561883211E-1,4.484191835E-1,1.056341456E0
8.313934999E-1,2.428138070E-2,1.048262715E0,4.383675456E-1,1.136490392E0
8.414675000E-1,1.749777794E-2,1.114720345E0,3.813599348E-1,1.178279686E0
8.515414998E-1,1.280131005E-2,9.070633650E-1,2.956215441E-1,9.541068698E-1
8.616154999E-1,3.510554880E-2,6.643282175E-1,2.106408924E-1,6.978065389E-1
8.716894998E-1,3.099259734E-2,3.840926588E-1,1.461205631E-1,4.121151909E-1
8.817634999E-1,4.085348174E-2,2.443150878E-1,1.587141156E-1,2.941921814E-1
8.918374998E-1,2.678633854E-2,4.324233830E-1,2.473986447E-1,4.989123966E-1
9.019114999E-1,-2.837225422E-2,7.478274107E-1,3.775627613E-1,8.382150438E-1
9.119854998E-1,-9.589035809E-2,9.448187947E-1,4.781675637E-1,1.063259956E0
9.220594999E-1,-1.756925136E-1,8.249152899E-1,4.770999253E-1,9.690084796E-1
9.321335000E-1,-2.900165319E-1,3.855552077E-1,3.453456759E-1,5.933178262E-1
9.422074999E-1,-3.811267316E-1,-2.898155153E-1,1.310560405E-1,4.964134408E-1
9.522815000E-1,-4.426402450E-1,-1.028032064E0,-8.544171602E-2,1.122533117E0
9.623554999E-1,-5.348700285E-1,-1.627109408E0,-2.573319674E-1,1.731990391E0
9.724295000E-1,-6.825856566E-1,-2.011927128E0,-3.954581320E-1,2.161055548E0
9.825034998E-1,-8.478297591E-1,-2.312428236E0,-5.274105668E-1,2.518789700E0
9.925774999E-1,-9.805903435E-1,-2.604347229E0,-6.644651890E-1,2.861065518E0
1.002651500E0,-1.087221742E0,-2.889124393E0,-7.948037982E-1,3.187601599E0
1.012725500E0,-1.174885869E0,-3.121633291E0,-9.086399674E-1,3.456960775E0
1.022799500E0,-1.210144043E0,-3.274160862E0,-1.005179882E0,3.632487378E0
1.032872708E0,-1.220149159E0,-3.326985121E0,-1.062100410E0,3.699412284E0
1.042946708E0,-1.279063582E0,-3.374152899E0,-1.011313319E0,3.747487967E0
1.053020708E0,-1.405448318E0,-3.422854662E0,-8.881474733E-1,3.805262796E0
1.063094708E0,-1.474834323E0,-3.466497183E0,-8.039191365E-1,3.852015703E0
1.073168708E0,-1.452187657E0,-3.511450768E0,-7.494812012E-1,3.873094055E0
1.083242708E0,-1.573972225E0,-3.661536694E0,-6.551815867E-1,4.038997702E0
1.093315708E0,-1.366503596E0,-3.608448744E0,-7.570124269E-1,3.932086244E0
1.103389708E0,-1.140860081E0,-3.586160421E0,-7.710781693E-1,3.841441114E0
1.113463708E0,-1.035588503E0,-3.518258572E0,-6.490824819E-1,3.724499294E0
1.123537708E0,-9.005796313E-1,-3.348761559E0,-5.910844803E-1,3.517759018E0
1.133611708E0,-7.444153428E-1,-3.025015831E0,-5.478609800E-1,3.163072341E0
1.143685708E0,-5.871900320E-1,-2.545627594E0,-4.536567032E-1,2.651568665E0
1.153759708E0,-3.926171660E-1,-1.879953504E0,-3.344925940E-1,1.949425226E0
1.163833708E0,-1.603602320E-1,-1.018553257E0,-1.129801795E-1,1.037270776E0
1.173907708E0,7.561487705E-2,-4.303277656E-2,2.468868047E-1,2.617680726E-1
1.183981708E0,3.295877576E-1,1.032768726E0,6.223989725E-1,1.250047924E0
1.194055708E0,5.969163775E-1,2.077507257E0,9.325169921E-1,2.354131158E0
1.204129708E0,8.511212468E-1,2.960746527E0,1.131202102E0,3.281774759E0
1.214203708E0,1.100781441E0,3.603998184E0,1.180705905E0,3.948998497E0
1.224277708E0,1.341554880E0,4.067283630E0,1.155128360E0,4.435863744E0
1.234351708E0,1.568484187E0,4.375892639E0,1.096933722E0,4.776174476E0
1.244425708E0,1.740975618E0,4.659059048E0,1.070760965E0,5.087667084E0
1.254499708E0,1.831593037E0,5.004566193E0,1.082071185E0,5.437949418E0
1.264573708E0,1.857691407E0,5.317069054E0,1.053962946E0,5.730015583E0
1.274647708E0,1.847427130E0,5.517087936E0,9.946829081E-1,5.902596072E0
1.284721708E0,1.762712002E0,5.583940506E0,9.858289361E-1,5.937962939E0
1.294795708E0,1.594205379E0,5.566404343E0,9.819981456E-1,5.872875655E0
1.304869708E0,1.417264581E0,5.349307537E0,1.000029802E0,5.623503323E0
1.314943708E0,1.198488712E0,5.025883675E0,1.010527372E0,5.264698232E0
1.325017708E0,9.827518463E-1,4.364648342E0,9.304373264E-1,4.569646590E0
1.335091708E0,7.819555402E-1,3.481060028E0,7.364065647E-1,3.643010845E0
1.345165708E0,4.538605213E-1,2.390766382E0,5.140539408E-1,2.487168012E0
1.355239708E0,-3.019618392E-1,1.268510342E0,2.930517197E-1,1.336479985E0
1.365313708E0,-1.168654442E0,4.488875866E-1,-6.239107251E-2,1.253453595E0
1.375387708E0,-1.990082622E0,-1.874090545E-2,-3.566956818E-1,2.021883249E0
1.385461708E0,-2.660294533E0,-3.745781183E-1,-4.834504128E-1,2.729688640E0
1.395535708E0,-3.059472799E0,-8.586739898E-1,-5.742200017E-1,3.229152124E0
1.405609708E0,-3.300003290E0,-1.398693800E0,-7.701513767E-1,3.665992254E0
1.415683708E0,-3.662879944E0,-1.893054843E0,-9.973821640E-1,4.242065217E0
1.425757708E0,-4.232169151E0,-2.218580008E0,-1.187099099E0,4.923673146E0
1.435831708E0,-4.816125393E0,-2.304428816E0,-1.307487726E0,5.496815453E0
1.445905708E0,-5.158337116E0,-2.358226061E0,-1.359769583E0,5.832550495E0
1.455979708E0,-5.202241898E0,-2.418848276E0,-1.401128411E0,5.905701361E0
1.466053708E0,-5.441762924E0,-2.420650244E0,-1.375228405E0,6.112575929E0
1.476127708E0,-5.297578335E0,-1.899664402E0,-1.630847931E0,5.859413454E0
1.486201708E0,-4.781746387E0,-1.910140991E0,-1.709488511E0,5.425503487E0
1.496275708E0,-3.927891731E0,-2.085529566E0,-1.566155434E0,4.714934768E0
1.506349708E0,-2.945902824E0,-1.935010910E0,-1.328436375E0,3.766610396E0
1.516423708E0,-2.257938862E0,-1.733194947E0,-1.039759398E0,3.030404632E0
1.526497708E0,-1.906260014E0,-1.331973314E0,-7.314215899E-1,2.437818224E0
1.536571708E0,-1.451848507E0,-1.129968762E0,-4.496175945E-1,1.893897957E0
1.546645708E0,-9.542699456E-1,-1.000157714E0,-2.924061418E-1,1.412957159E0
1.556719708E0,-5.001174212E-1,-9.335149527E-1,-2.625379860E-1,1.091097519E0
1.566793708E0,-1.238639131E-1,-9.181450605E-1,-2.626136243E-1,9.629634141E-1
1.576867708E0,3.318629861E-1,-9.810853004E-1,-2.514270842E-1,1.065775299E0
1.586941708E0,8.884002566E-1,-9.512858391E-1,-2.537623942E-1,1.326120325E0
1.597015708E0,1.501586199E0,-8.830670714E-1,-2.991413474E-1,1.767499395E0
1.607089708E0,2.182049036E0,-8.195555210E-1,-3.949629366E-1,2.364107647E0
1.617163708E0,2.919112682E0,-6.424745321E-1,-5.093266964E-1,3.032063004E0
1.627237708E0,3.607471704E0,-3.296457827E-1,-5.559037924E-1,3.664907566E0
1.637311708E0,4.258243561E0,-2.809491754E-2,-5.501229167E-1,4.293723649E0
1.647385708E0,4.906594753E0,2.630700767E-1,-4.985079169E-1,4.938865060E0
1.657459708E0,5.337257862E0,3.484653234E-1,-3.337369263E-1,5.359023223E0
1.667533708E0,5.657080173E0,4.857342318E-2,-1.473939568E-1,5.659208465E0
1.677607708E0,5.798068047E0,-2.653783262E-1,-1.838320494E-2,5.804167182E0
1.687681708E0,5.751023769E0,-2.905449271E-1,-9.028243273E-2,5.759066041E0
1.697755708E0,5.555612087E0,-3.293007314E-1,-1.959274560E-1,5.568810663E0
1.707829708E0,5.069416523E0,-4.687944651E-1,-2.247615010E-1,5.096005285E0
1.717903708E0,4.456636906E0,-4.890000522E-1,-3.319451511E-1,4.495655808E0
1.727977708E0,3.776464462E0,-3.548822105E-1,-5.541476011E-1,3.833367290E0
1.738051708E0,3.100533962E0,-2.586775422E-1,-7.228537202E-1,3.194173199E0
1.748125708E0,2.707519770E0,-2.808648646E-1,-8.526204824E-1,2.852456847E0
1.758199708E0,2.527289867E0,-1.983660907E-1,-8.188732862E-1,2.664037657E0
1.768273708E0,2.522154808E0,8.422484994E-2,-6.920706034E-1,2.616738508E0
1.778347708E0,2.601588964E0,4.488564134E-1,-5.531659722E-1,2.697356078E0
1.788421708E0,2.683930397E0,8.109254241E-1,-4.191639423E-1,2.834921662E0
1.798495708E0,2.708954573E0,1.034866452E0,-2.940393686E-1,2.914762872E0
1.808569708E0,2.686294079E0,1.113742113E0,-2.024447173E-1,2.915061103E0
1.818643708E0,2.567682266E0,1.053163528E0,-1.349030882E-1,2.778550788E0
1.828717708E0,2.298941851E0,8.870863914E-1,-8.917314559E-2,2.465767172E0
1.838791708E0,1.877410650E0,6.314623356E-1,-8.630219102E-2,1.982640537E0
1.848865708E0,1.332226992E0,3.697136045E-1,-1.277095526E-1,1.388461968E0
1.858939708E0,6.358368993E-1,4.500398412E-2,-1.897075325E-1,6.650585455E-1
1.869013708E0,-2.467567623E-1,-3.334764838E-1,-2.678119242E-1,4.937800034E-1
1.879087708E0,-1.277136445E0,-6.446709633E-1,-2.457127571E-1,1.451569120E0
1.889161708E0,-2.199717522E0,-8.690300584E-1,-1.906915903E-1,2.372832421E0
1.899235708E0,-2.930064201E0,-8.696737289E-1,-6.380978972E-2,3.057070544E0
1.909309708E0,-3.431128263E0,-6.674085259E-1,1.070562229E-1,3.497075397E0
1.919383708E0,-3.823785305E0,-2.246986032E-1,2.477150261E-1,3.838383287E0
1.929457708E0,-4.070860863E0,-1.856167614E-2,3.149891198E-1,4.083071252E0
1.939531708E0,-4.100048065E0,-1.095525324E-1,2.435934991E-1,4.108738698E0
1.949605708E0,-3.801856995E0,-2.719957829E-1,1.601252258E-1,3.814936225E0
1.959679708E0,-3.335597754E0,-2.962463796E-1,1.729946584E-1,3.353192724E0
1.969753708E0,-3.006175518E0,-1.277218312E-1,3.071761429E-1,3.024526623E0
1.979827708E0,-3.029623747E0,1.446688324E-1,5.316321254E-1,3.079315157E0
1.989901708E0,-3.350037813E0,5.067098737E-1,5.812966228E-1,3.437646580E0
1.999975708E0,-3.725594521E0,8.750466704E-1,4.669855535E-1,3.855364667E0
2.010049708E0,-3.989828110E0,1.193602324E0,3.313904405E-1,4.177706844E0
2.020123708E0,-4.145464420E0,1.319769502E0,2.187794894E-1,4.355976499E0
2.030197708E0,-4.183245182E0,1.449158907E0,-2.354979143E-2,4.427206386E0
2.040271958E0,-3.931262493E0,1.313884258E0,-2.962795794E-1,4.155586387E0
2.050345958E0,-3.400142908E0,7.655106783E-1,-5.168569684E-1,3.523367639E0
2.060419958E0,-2.726936817E0,-6.332359463E-2,-6.496764421E-1,2.803974636E0
2.070493958E0,-2.041280746E0,-9.162470102E-1,-6.013395190E-1,2.316882579E0
2.080567958E0,-1.639240861E0,-1.282978058E0,-4.283489287E-1,2.125235540E0
2.090641958E0,-1.746257544E0,1.447936520E-2,-5.544192344E-2,1.747197432E0
2.100715958E0,-1.453224301E0,8.765417933E-1,4.789745510E-1,1.763406648E0
2.110789958E0,-5.263105631E-1,5.144736171E-1,9.759228230E-1,1.222338442E0
2.120863958E0,3.220049143E-1,5.957990289E-1,1.078178287E0,1.273236846E0
2.130937958E0,9.096700549E-1,7.352546453E-1,1.153930068E0,1.643062264E0
2.141011958E0,1.276210904E0,1.116701484E0,1.211354494E0,2.084014440E0
2.151085958E0,1.446900010E0,1.631807446E0,1.245523691E0,2.511502428E0
2.161159958E0,1.515528083E0,2.187672138E0,1.187359929E0,2.914199436E0
2.171233958E0,1.591318965E0,2.799534798E0,9.962034822E-1,3.370773281E0
2.181307958E0,1.809407592E0,3.372311831E0,7.334595919E-1,3.896717322E0
2.191381958E0,2.187397480E0,3.925880671E0,4.882852137E-1,4.520582841E0
2.201455958E0,2.655733109E0,4.355642796E0,3.940213919E-1,5.116619525E0
2.211529958E0,3.084517002E0,4.537379265E0,5.466772318E-1,5.513702180E0
2.221603958E0,3.191683769E0,4.546752930E0,7.597004175E-1,5.606866523E0
2.231677958E0,3.033607483E0,4.539635658E0,9.139549732E-1,5.535917265E0
2.241751958E0,2.878015518E0,4.518356800E0,1.043764591E0,5.457835287E0
2.251825958E0,2.623405933E0,4.083908558E0,1.357198358E0,5.040094759E0
2.261899958E0,2.214868784E0,3.383151293E0,1.595028758E0,4.346892354E0
2.271973958E0,1.850338697E0,2.919720173E0,1.567331910E0,3.795398332E0
2.282047958E0,1.571937680E0,2.546415091E0,1.413134575E0,3.309405870E0
2.292121958E0,1.339474320E0,2.126900196E0,1.246988535E0,2.805864627E0
2.302195958E0,1.123655677E0,1.695510626E0,1.106932759E0,2.315741457E0
2.312269958E0,9.749151468E-1,1.370769620E0,9.565846920E-1,1.935077044E0
2.322343958E0,8.338146210E-1,1.039038062E0,8.196859360E-1,1.564203296E0
2.332417958E0,7.025029063E-1,5.772610903E-1,6.908986568E-1,1.141963946E0
2.342491958E0,6.033802629E-1,-3.586594388E-2,4.958328903E-1,7.817956016E-1
2.352565958E0,5.277773738E-1,-9.001802206E-1,2.224516869E-1,1.066938676E0
2.362639958E0,4.036649168E-1,-1.807912469E0,-1.104668826E-1,1.855719751E0
2.372713958E0,2.259407043E-1,-2.707360268E0,-4.893507957E-1,2.760491446E0
2.382787958E0,-3.791028261E-2,-3.618571043E0,-8.976885676E-1,3.728449858E0
2.392861958E0,-3.632106185E-1,-4.341139317E0,-1.331116915E0,4.555138281E0
2.402935958E0,-6.974270940E-1,-4.720953941E0,-1.679557085E0,5.059122717E0
2.413009958E0,-9.237166643E-1,-4.787227154E0,-1.863052368E0,5.219363987E0
2.423083958E0,-9.452778697E-1,-4.606209755E0,-1.888916016E0,5.067417712E0
2.433157958E0,-8.049860001E-1,-4.266652107E0,-1.783479333E0,4.693945163E0
2.443231958E0,-5.733119249E-1,-4.023833275E0,-1.546382785E0,4.348703313E0
2.453305958E0,-2.644190490E-1,-3.884970903E0,-1.220244884E0,4.080675671E0
2.463379958E0,8.699062467E-2,-3.670111179E0,-9.086895585E-1,3.781930744E0
2.473453958E0,4.175139368E-1,-3.277697086E0,-6.778180003E-1,3.372988781E0
2.483527958E0,6.963761449E-1,-2.819257736E0,-5.343297720E-1,2.952738089E0
2.493601958E0,8.691055775E-1,-2.300597668E0,-4.484916329E-1,2.499847771E0
2.503675958E0,9.421722293E-1,-1.723953962E0,-3.538364470E-1,1.996222935E0
2.513749958E0,9.675803781E-1,-1.210323572E0,-2.599190176E-1,1.571194715E0
2.523823958E0,9.134586453E-1,-7.901607752E-1,-1.706055105E-1,1.219781533E0
2.533897958E0,8.272632957E-1,-5.298447609E-1,-7.204778492E-2,9.850334585E-1
2.543971958E0,7.359265089E-1,-3.324871659E-1,-1.827382296E-2,8.077558261E-1
2.554045958E0,6.347623467E-1,-1.598796993E-1,1.477041095E-2,6.547540914E-1
2.564119958E0,5.737780333E-1,-1.511574686E-1,5.040582642E-2,5.954918632E-1
2.574193958E0,4.660057724E-1,-4.029763937E-1,7.725555450E-2,6.209023872E-1
2.584267958E0,2.613579631E-1,-6.293464899E-1,1.146225184E-1,6.910306151E-1
2.594341958E0,9.680201858E-2,-8.091974854E-1,9.808935225E-2,8.208487816E-1
2.604415958E0,1.228693500E-2,-9.208936691E-1,3.625750542E-2,9.216890611E-1
2.614489958E0,2.548554214E-3,-9.192216992E-1,-1.014701184E-2,9.192812352E-1
2.624563958E0,5.570811778E-2,-7.884032726E-1,-1.221357938E-2,7.904633364E-1
2.634637958E0,1.622159183E-1,-4.762704074E-1,1.711022109E-2,5.034285101E-1
2.644710958E0,3.348443210E-1,-2.338971198E-1,5.403973907E-2,4.120059166E-1
2.654785958E0,4.894895554E-1,2.546314383E-3,7.238785923E-2,4.948196749E-1
2.664859958E0,5.860279799E-1,2.412590981E-1,7.188709080E-2,6.378107081E-1
2.674933958E0,6.408973336E-1,4.146457911E-1,9.566299617E-2,7.693061375E-1
2.685007958E0,6.634013057E-1,5.837641954E-1,8.605534583E-2,8.878555349E-1
2.695081958E0,5.482414365E-1,4.971454144E-1,5.284226686E-2,7.419666710E-1
2.705155958E0,2.850751877E-1,2.333585322E-1,1.655321941E-2,3.687791700E-1
2.715229958E0,2.587716654E-2,-2.103848159E-1,-3.840963170E-2,2.154221398E-1
2.725303958E0,-2.036437988E-1,-5.166147351E-1,-9.695891291E-2,5.637043659E-1
2.735377958E0,-2.917145491E-1,-5.336232781E-1,-1.453331113E-1,6.252782535E-1
2.745451958E0,-2.658997476E-1,-4.117806852E-1,-1.037828326E-1,5.010358119E-1
2.755525958E0,-1.554693729E-1,-1.455995888E-1,-3.622563183E-2,2.160607844E-1
2.765598958E0,-2.308307402E-2,1.827550381E-1,4.181494564E-2,1.888934143E-1
2.775673958E0,1.318788230E-1,4.668634534E-1,8.995930851E-2,4.934026604E-1
2.785747958E0,2.687248588E-1,6.336088181E-1,1.168127134E-1,6.980819394E-1
2.795821958E0,3.775986135E-1,7.221599817E-1,1.043089032E-1,8.215692907E-1
2.805895958E0,4.943190217E-1,6.475035548E-1,9.904357791E-2,8.206227995E-1
2.815969958E0,5.072363615E-1,5.569038987E-1,1.546213776E-2,7.534386216E-1
2.826043958E0,4.597122371E-1,4.561991394E-1,-9.513258189E-2,6.546015611E-1
2.836117958E0,3.862750530E-1,3.239007592E-1,-1.792564988E-1,5.350261777E-1
2.846191958E0,2.882804275E-1,2.399672568E-1,-2.296413928E-1,4.398011579E-1
2.856265958E0,1.839891672E-1,2.443758547E-1,-2.398724556E-1,3.887291692E-1
2.866339958E0,9.541831911E-2,3.066327572E-1,-2.062701881E-1,3.816748536E-1
2.876413958E0,6.623779982E-2,3.958105743E-1,-1.568232775E-1,4.308677259E-1
2.886487958E0,1.178505868E-1,5.169216990E-1,-1.001593545E-1,5.395634347E-1
2.896561958E0,2.060142756E-1,6.473830342E-1,-5.321075767E-2,6.814529033E-1
2.906635958E0,2.848097980E-1,7.371736169E-1,-3.151454404E-2,7.909075350E-1
2.916709958E0,3.576334119E-1,7.350217700E-1,-3.007217497E-2,8.179627103E-1
2.926783958E0,3.912388980E-1,6.661624312E-1,-4.248101264E-2,7.737214593E-1
2.936857958E0,3.867059350E-1,5.143808722E-1,-5.407348648E-2,6.457964879E-1
2.946931958E0,3.813125491E-1,3.088527322E-1,-7.718282938E-2,4.967358045E-1
2.957004958E0,3.110415936E-1,1.476968676E-1,-1.224467084E-1,3.654510008E-1
2.967079958E0,1.782997102E-1,3.242877498E-2,-1.611535251E-1,2.425136506E-1
2.977153958E0,6.245965511E-2,-6.681445241E-2,-1.637314558E-1,1.875456456E-1
2.987227958E0,-3.163339570E-2,-8.663557470E-2,-1.484683305E-1,1.747834079E-1
2.997301958E0,-8.846738189E-2,-5.711576715E-2,-1.239781603E-1,1.626630651E-1
3.007375958E0,-9.098530561E-2,-1.040529739E-2,-1.009843796E-1,1.363247629E-1
3.017449958E0,-4.423378035E-2,5.002182722E-2,-8.910694718E-2,1.113501619E-1
3.027523958E0,4.162574559E-2,6.022738293E-2,-8.533357829E-2,1.124360260E-1
3.037597875E0,1.031804532E-1,-3.014565445E-2,-7.979261130E-2,1.338724289E-1
3.047671875E0,9.048239142E-2,-1.476065218E-1,-3.161175177E-2,1.759944638E-1
3.057745875E0,5.930316821E-2,-2.459724993E-1,1.592700742E-2,2.535212135E-1
3.067819875E0,2.907950990E-2,-2.964688540E-1,5.176874250E-2,3.023564154E-1
3.077893875E0,-4.041958600E-3,-2.746647596E-1,8.386170119E-2,2.872104673E-1
3.087967875E0,-1.272008754E-2,-1.914271414E-1,7.968030125E-2,2.077380598E-1
3.098041875E0,2.657645196E-2,-9.544362128E-2,4.925128818E-2,1.106412311E-1
3.108115875E0,1.028041318E-1,1.189559815E-3,5.120962393E-3,1.029384711E-1
3.118189875E0,1.531756967E-1,7.361821830E-2,-2.599354833E-2,1.719246948E-1
3.128263875E0,1.915334314E-1,6.811350584E-2,-3.378779069E-2,2.060730934E-1
3.138337875E0,6.161169149E-3,1.440159827E-1,-3.261014074E-2,1.477903399E-1
3.148411875E0,-5.240263939E-1,5.837370455E-2,7.335280627E-2,5.323455504E-1
3.158485875E0,-3.554751873E-1,-2.393509150E-1,2.255540714E-2,4.291389235E-1
3.168559875E0,-2.121735215E-1,-1.807751656E-1,4.224868491E-2,2.819259036E-1
3.178633875E0,7.370825391E-3,-8.911289275E-2,9.840063751E-2,1.329590997E-1
3.188707875E0,1.970095634E-1,-5.587952211E-3,1.275495291E-1,2.347613164E-1
3.198781875E0,1.728525609E-1,7.836846262E-2,1.373342425E-1,2.342654859E-1
3.208855875E0,4.508675262E-2,1.137287766E-1,8.694434166E-2,1.500878690E-1